{
"lengthUnit": "mil",
"components": {
	"fields": ["COMPONENT_NO", "COMPONENT_NAME", "LAYER", "X_COORDINATE", "Y_COORDINATE", "ANGLE"],
	"rows": [
		[1, "PAD1", "T", 2462.98, 518.42, 0],
		[2, "PAD1", "B", 2462.98, 518.42, 0],
		[3, "PAD2", "T", 2462.98, 164.09, 0],
		[4, "PAD2", "B", 2462.98, 164.09, 0]
	]
},
"pins": {
	"fields": ["PIN_NO", "PIN_NAME", "PIN_X", "PIN_Y", "LAYER", "PIN_TYPE", "NET_NAME", "NET_TYPE", "PAD_SHAPE", "PAD_SIZEX", "PAD_SIZEY", "HOLE_SIZE", "PAD_ANGLE"],
	"rows": [
		[1, "PAD1_1", 2462.98, 518.42, "T", "DIP", "GND", "GND", "O", 100, 60, 80, 0],
		[2, "PAD1_1", 2462.98, 518.42, "B", "DIP", "GND", "GND", "O", 100, 60, 80, 0],
		[3, "PAD2_1", 2462.98, 164.09, "T", "DIP", "GND", "GND", "O", 100, 60, 80, 0],
		[4, "PAD2_1", 2462.98, 164.09, "B", "DIP", "GND", "GND", "O", 100, 60, 80, 0]
	]
}
}